City_ID,City,Country,Lat,Lng,Max Temp,Humidity,Cloudiness,Wind Speed,Current Description
0,Mtinko,TZ,-4.55,34.85,59.32,98,100,4.92,overcast clouds
1,Jamtara,IN,23.95,86.8,58.19,86,1,9.31,clear sky
2,Lebu,CL,-37.6167,-73.65,64.24,75,1,17.47,clear sky
3,Ushuaia,AR,-54.8,-68.3,55.02,41,33,2.42,scattered clouds
4,Longyearbyen,SJ,78.2186,15.6401,15.64,67,0,20.71,clear sky
5,Port Hardy,CA,50.6996,-127.4199,45.75,95,100,10.25,moderate rain
6,Rikitea,PF,-23.1203,-134.9692,78.46,71,9,10.63,clear sky
7,New Norfolk,AU,-42.7826,147.0587,57.92,75,49,1.79,scattered clouds
8,Hobart,AU,-42.8794,147.3294,58.26,86,75,5.75,broken clouds
9,Albany,US,42.6001,-73.9662,26.91,87,100,1.99,light snow
10,Lazaro Cardenas,MX,17.9583,-102.2,81.25,55,2,7.56,clear sky
11,Vestmanna,FO,62.1564,-7.1664,34.72,55,75,25.32,light snow
12,Tasiilaq,GL,65.6145,-37.6368,21.36,64,100,39.95,overcast clouds
13,Geraldton,AU,-28.7667,114.6,72.01,53,0,3.44,clear sky
14,Mataura,NZ,-46.1927,168.8643,53.47,98,100,1.36,overcast clouds
15,Touros,BR,-5.1989,-35.4608,81.5,59,26,15.19,scattered clouds
16,Atuona,PF,-9.8,-139.0333,78.19,78,29,16.22,light rain
17,Mar Del Plata,AR,-38.0023,-57.5575,71.62,88,75,8.99,broken clouds
18,Provideniya,RU,64.3833,-173.3,-0.44,65,0,13.73,clear sky
19,Severo-Kurilsk,RU,50.6789,156.125,27.66,90,100,3.06,overcast clouds
20,Vaini,TO,-21.2,-175.2,75.36,100,100,8.05,light rain
21,Jamestown,US,42.097,-79.2353,22.32,64,100,1.99,light snow
22,Bluff,NZ,-46.6,168.3333,53.8,63,77,6.78,broken clouds
23,Castro,BR,-24.7911,-50.0119,67.01,96,100,6.69,light rain
24,Punta Arenas,CL,-53.15,-70.9167,59.11,38,0,17.27,clear sky
25,Krasnouralsk,RU,58.3638,60.0407,21.52,96,100,6.42,light snow
26,Mahebourg,MU,-20.4081,57.7,80.26,85,100,17.83,light rain
27,Cape Town,ZA,-33.9258,18.4232,69.35,63,4,5.01,clear sky
28,Kieta,PG,-6.2167,155.6333,81.37,83,100,10.89,overcast clouds
29,Airai,TL,-8.9266,125.4092,60.12,90,99,1.86,overcast clouds
30,Tungor,RU,53.3808,142.9564,3.24,93,100,20.76,light snow
31,Kapaa,US,22.0752,-159.319,73.38,87,0,0.0,clear sky
32,Norman Wells,CA,65.282,-126.8329,-20.94,90,100,10.38,overcast clouds
33,Te Anau,NZ,-45.4167,167.7167,44.01,93,45,4.27,scattered clouds
34,Puerto Ayora,EC,-0.7393,-90.3518,82.36,86,83,5.99,broken clouds
35,Kahului,US,20.8947,-156.47,76.84,69,0,0.0,clear sky
36,Bolshaya Rechka,RU,51.9503,104.7355,-6.75,96,66,1.48,broken clouds
37,Kodiak,US,57.79,-152.4072,31.51,86,100,4.61,overcast clouds
38,Anadyr,RU,64.75,177.4833,-11.16,79,1,6.73,clear sky
39,Kavieng,PG,-2.5744,150.7967,81.77,73,100,6.46,overcast clouds
40,Petlawad,IN,23.0,74.8,61.02,24,0,2.1,clear sky
41,Saskylakh,RU,71.9167,114.0833,-6.34,99,100,4.72,light snow
42,Mapiripan,CO,2.8892,-72.1256,90.05,44,100,3.24,overcast clouds
43,Busselton,AU,-33.65,115.3333,67.08,59,0,5.19,clear sky
44,Bahia Honda,CU,22.9036,-83.1592,82.54,61,18,6.87,light rain
45,Husavik,IS,66.0449,-17.3389,25.2,92,99,15.1,light snow
46,Visnes,NO,59.3556,5.2242,41.05,70,20,23.02,few clouds
47,Faanui,PF,-16.4833,-151.75,80.26,75,22,13.96,few clouds
48,Westport,US,41.1415,-73.3579,39.16,95,100,3.0,light rain
49,Los Llanos De Aridane,ES,28.6585,-17.9182,64.15,70,20,5.75,few clouds
50,Hithadhoo,MV,-0.6,73.0833,81.99,73,20,10.09,few clouds
51,Butaritari,KI,3.0707,172.7902,82.51,73,14,19.1,few clouds
52,Cabrobo,BR,-8.5142,-39.31,95.77,25,35,6.78,scattered clouds
53,Alta Floresta,BR,-9.8756,-56.0861,85.87,65,2,1.79,clear sky
54,Awbari,LY,26.5921,12.7805,54.25,38,0,6.89,clear sky
55,Barrow,US,71.2906,-156.7887,-29.18,68,40,8.05,scattered clouds
56,Buraydah,SA,26.326,43.975,65.43,25,0,18.9,clear sky
57,Hofn,IS,64.2539,-15.2082,28.42,59,20,19.57,few clouds
58,Pisco,PE,-13.7,-76.2167,75.25,64,0,11.5,clear sky
59,Bathsheba,BB,13.2167,-59.5167,83.01,61,40,14.97,scattered clouds
60,Dikson,RU,73.5069,80.5464,-3.69,90,100,5.86,overcast clouds
61,Cherskiy,RU,68.75,161.3,-34.71,99,14,3.15,few clouds
62,Saint George,US,37.1041,-113.5841,50.47,28,0,3.0,clear sky
63,Wattegama,LK,6.7989,81.4808,68.9,90,67,2.39,broken clouds
64,Jaguey Grande,CU,22.5269,-81.1286,83.05,36,43,3.67,scattered clouds
65,Poum,NC,-20.2333,164.0167,81.43,84,100,17.6,moderate rain
66,Tuktoyaktuk,CA,69.4541,-133.0374,-24.07,99,14,11.63,few clouds
67,Victoria,HK,22.2855,114.1577,55.94,78,96,4.0,overcast clouds
68,Poronaysk,RU,49.2167,143.1167,9.95,90,100,8.79,overcast clouds
69,Khatanga,RU,71.9667,102.5,-35.27,100,60,3.44,broken clouds
70,Bredasdorp,ZA,-34.5322,20.0403,63.28,59,8,12.86,clear sky
71,Garbolovo,RU,60.3413,30.4955,18.59,94,99,8.99,overcast clouds
72,Upernavik,GL,72.7868,-56.1549,-0.98,100,79,9.95,broken clouds
73,Avarua,CK,-21.2078,-159.775,80.65,78,40,11.5,scattered clouds
74,Murchison,NZ,-41.8,172.3333,65.39,99,100,2.17,light rain
75,Kaseda,JP,31.4167,130.3167,41.34,73,98,24.52,overcast clouds
76,Baykit,RU,61.67,96.37,8.65,98,100,3.71,overcast clouds
77,Thompson,CA,55.7435,-97.8558,-11.18,82,6,7.0,clear sky
78,Hilo,US,19.7297,-155.09,77.61,71,100,5.75,overcast clouds
79,Puno,PE,-15.8333,-70.0333,60.37,54,100,1.14,overcast clouds
80,Saldanha,ZA,-33.0117,17.9442,63.27,74,0,20.54,clear sky
81,Lichuan,CN,30.3,108.85,32.83,83,92,3.62,overcast clouds
82,Hay River,CA,60.8156,-115.7999,-9.69,90,100,7.07,overcast clouds
83,Galesong,ID,-5.3166,119.3661,77.02,83,99,8.1,overcast clouds
84,Dunedin,NZ,-45.8742,170.5036,52.81,85,100,7.0,overcast clouds
85,Terrace,CA,54.5163,-128.6035,39.42,100,100,3.6,moderate rain
86,Kaoma,ZM,-14.7833,24.8,64.76,96,100,3.74,overcast clouds
87,Port Alfred,ZA,-33.5906,26.891,68.16,80,100,7.52,light rain
88,Dublin,US,37.7021,-121.9358,60.48,56,0,3.0,clear sky
89,Hermanus,ZA,-34.4187,19.2345,63.81,62,0,19.35,clear sky
90,Leningradskiy,RU,69.3833,178.4167,-17.66,92,40,9.42,scattered clouds
91,Samarai,PG,-10.6167,150.6667,80.87,80,88,8.08,overcast clouds
92,Arandis,NA,-22.4167,14.9667,60.46,60,100,5.86,overcast clouds
93,Chuy,UY,-33.6971,-53.4616,80.74,69,18,5.64,few clouds
94,Kissidougou,GN,9.1848,-10.0999,81.01,12,22,4.61,few clouds
95,Zhuzhou,CN,27.8333,113.15,41.4,85,91,3.4,overcast clouds
96,Port-Gentil,GA,-0.7193,8.7815,80.11,76,99,6.35,overcast clouds
97,Winnemucca,US,40.973,-117.7357,39.25,48,0,8.05,clear sky
98,Havoysund,NO,70.9963,24.6622,19.63,87,100,38.23,light snow
99,Porto Novo,BJ,6.4965,2.6036,80.37,73,5,7.92,clear sky
100,Roma,US,43.2128,-75.4557,21.96,82,100,8.05,light snow
101,Tual,ID,-5.6667,132.75,83.62,75,100,16.28,overcast clouds
102,Surt,LY,31.2089,16.5887,57.16,64,0,3.0,clear sky
103,Komsomolskiy,UZ,40.4272,71.7189,38.62,42,0,3.67,clear sky
104,Jiwani,PK,25.05,61.7417,71.44,60,0,12.28,clear sky
105,Alyangula,AU,-13.8483,136.4192,78.67,100,100,5.75,thunderstorm with heavy rain
106,Piedra Gorda,PR,18.4341,-66.8877,80.35,82,43,10.0,scattered clouds
107,Galveston,US,29.3669,-94.9669,35.19,79,100,10.0,overcast clouds
108,Praia,CV,14.9215,-23.5087,77.54,41,0,17.27,clear sky
109,Hasaki,JP,35.7333,140.8333,27.0,44,97,21.79,overcast clouds
110,Jati,PK,24.3539,68.2671,65.43,51,0,7.67,clear sky
111,Riyadh,SA,24.6877,46.7219,69.94,21,0,5.53,clear sky
112,Athens,GR,37.9795,23.7162,49.17,71,20,1.01,few clouds
113,Tahta,EG,26.7693,31.5021,54.79,47,5,11.63,clear sky
114,Kamenka,RU,51.3223,42.7678,22.75,96,100,9.06,overcast clouds
115,Magadan,RU,59.5667,150.8,-0.02,69,99,11.16,overcast clouds
116,Bumba,CD,2.1833,22.4667,80.58,35,100,2.13,overcast clouds
117,Magistralnyy,RU,56.1725,107.4458,9.77,96,100,4.43,light snow
118,Gemena,CD,3.25,19.7667,77.45,27,100,1.97,overcast clouds
119,Mont-De-Marsan,FR,44.0,-0.6667,51.12,100,100,4.61,overcast clouds
120,Cockburn Town,TC,21.4612,-71.1419,75.67,69,0,15.84,clear sky
121,Guerrero Negro,MX,27.9769,-114.0611,61.5,22,0,1.39,clear sky
122,Mokhotlong,LS,-29.2894,29.0675,54.27,93,100,5.35,moderate rain
123,Talnakh,RU,69.4865,88.3972,1.2,96,100,7.27,overcast clouds
124,Shetpe,KZ,44.1667,52.1167,39.65,92,97,5.12,overcast clouds
125,Hanzhong,CN,33.0728,107.0303,41.59,60,100,3.15,overcast clouds
126,Garowe,SO,8.4054,48.4845,70.5,34,5,11.72,clear sky
127,Dudinka,RU,69.4058,86.1778,1.62,97,99,5.95,overcast clouds
128,Sheridan,US,44.8333,-106.9173,44.31,36,0,12.66,clear sky
129,Felipe Carrillo Puerto,MX,19.5833,-88.05,85.57,55,68,3.89,broken clouds
130,Anisoc,GQ,1.8658,10.7689,72.9,86,53,2.28,broken clouds
131,Darnah,LY,32.767,22.6367,53.92,65,3,16.28,clear sky
132,Tuatapere,NZ,-46.1333,167.6833,53.82,83,100,3.2,overcast clouds
133,Zhuhai,CN,22.2769,113.5678,57.06,71,20,20.71,few clouds
134,Nemuro,JP,43.3236,145.575,20.53,80,10,11.16,clear sky
135,Heze,CN,35.2431,115.4411,27.48,39,0,4.7,clear sky
136,Lasa,IT,46.6166,10.7002,40.46,62,3,2.19,clear sky
137,Chokurdakh,RU,70.6333,147.9167,-30.95,100,66,1.74,broken clouds
138,Yellowknife,CA,62.456,-114.3525,-26.72,76,40,3.44,scattered clouds
139,Bambous Virieux,MU,-20.3428,57.7575,80.85,89,75,16.11,light rain
140,San Patricio,US,28.017,-97.5169,39.29,49,100,17.72,overcast clouds
141,Dergachi,RU,51.2328,48.7659,30.07,99,100,5.26,overcast clouds
142,Verkhnyachka,UA,48.8285,30.0396,25.79,65,73,2.84,broken clouds
143,Coquimbo,CL,-29.9533,-71.3436,71.33,60,0,13.8,clear sky
144,Carnarvon,AU,-24.8667,113.6333,81.25,62,67,13.96,broken clouds
145,Lagos,NG,6.5833,3.75,79.92,76,2,7.07,clear sky
146,Cabo San Lucas,MX,22.8909,-109.9124,74.52,48,0,8.05,clear sky
147,Baishishan,CN,43.5833,127.5667,-4.07,100,100,4.0,overcast clouds
148,Ahipara,NZ,-35.1667,173.1667,71.55,90,83,14.18,broken clouds
149,Amberley,US,39.2048,-84.428,25.72,84,100,5.01,overcast clouds
150,Beian,NO,63.6559,9.5683,38.01,56,75,12.66,broken clouds
151,Haverfordwest,GB,51.8017,-4.9691,44.19,78,100,5.01,overcast clouds
152,Ribeira Brava,PT,32.65,-17.0667,67.01,85,100,0.92,overcast clouds
153,Harlingen,US,26.1906,-97.6961,43.34,56,100,18.41,overcast clouds
154,Saint-Philippe,RE,-21.3585,55.7679,80.15,87,100,27.63,moderate rain
155,Terney,RU,45.0503,136.6092,2.59,81,9,13.69,clear sky
156,Nikolskoye,RU,59.7035,30.7861,19.29,95,72,8.21,broken clouds
157,Sitka,US,57.0531,-135.33,42.69,87,100,14.97,mist
158,Georgetown,MY,5.4112,100.3354,79.9,90,20,0.0,few clouds
159,Aketi,CD,2.7388,23.7833,78.26,42,91,2.8,overcast clouds
160,Muros,ES,42.7762,-9.0603,55.24,78,87,7.4,overcast clouds
161,Biak,ID,-0.9131,122.8766,75.88,85,100,3.58,overcast clouds
162,Ribeira Grande,PT,38.5167,-28.7,59.4,77,40,13.8,scattered clouds
163,Constitucion,CL,-35.3333,-72.4167,69.44,69,16,14.12,few clouds
164,Mount Isa,AU,-20.7333,139.5,67.77,49,28,6.91,scattered clouds
165,Itororo,BR,-15.1169,-40.0703,89.56,43,100,4.09,overcast clouds
166,Lhokseumawe,ID,5.1801,97.1507,76.82,85,100,5.01,overcast clouds
167,Bethel,US,41.3712,-73.414,37.76,91,100,6.91,light snow
168,Nanortalik,GL,60.1432,-45.2371,11.64,75,100,45.16,light snow
169,Pangnirtung,CA,66.1451,-65.7125,-16.6,69,75,14.97,broken clouds
170,Mokhsogollokh,RU,61.4681,128.9203,-25.33,100,94,3.38,overcast clouds
171,Caravelas,BR,-17.7125,-39.2481,77.04,87,100,6.91,overcast clouds
172,Padang,ID,-0.9492,100.3543,75.6,93,100,4.68,light rain
173,Marondera,ZW,-18.1853,31.5519,60.82,90,88,3.69,light rain
174,Salalah,OM,17.0151,54.0924,73.49,64,0,3.44,clear sky
175,Elizabeth City,US,36.2946,-76.2511,77.05,75,0,4.0,clear sky
176,Pevek,RU,69.7008,170.3133,-22.72,100,82,4.23,broken clouds
177,Puerto Escondido,MX,15.85,-97.0667,85.03,74,0,9.22,clear sky
178,Ilulissat,GL,69.2167,-51.1,15.82,73,100,17.27,overcast clouds
179,Mackay,AU,-21.15,149.2,77.68,76,100,25.19,overcast clouds
180,Pangody,RU,65.85,74.4859,12.07,96,100,2.53,light snow
181,Rurrenabaque,BO,-14.4413,-67.5278,91.29,62,20,11.5,few clouds
182,Harper,LR,4.375,-7.7169,80.78,78,59,8.1,broken clouds
183,Kidal,ML,18.4411,1.4078,67.39,11,0,10.94,clear sky
184,Morden,CA,49.1919,-98.1014,-7.17,71,44,6.91,scattered clouds
185,Isangel,VU,-19.55,169.2667,76.8,94,100,15.66,moderate rain
186,Santa Clara,CU,22.4,-79.9667,84.97,65,75,12.66,broken clouds
187,Lata,PT,40.1629,-8.3327,54.05,93,100,2.75,overcast clouds
188,Bengkulu,ID,-3.8004,102.2655,73.49,95,100,5.73,overcast clouds
189,Popondetta,PG,-8.7537,148.2534,74.52,91,91,3.02,overcast clouds
190,Qaanaaq,GL,77.484,-69.3632,-4.92,64,100,9.28,overcast clouds
191,Red Bluff,US,40.1785,-122.2358,61.61,35,0,4.61,clear sky
192,Lompoc,US,34.6391,-120.4579,69.12,40,0,0.0,clear sky
193,Wyndham,US,37.6985,-77.6125,69.15,86,100,1.99,overcast clouds
194,Boa Vista,BR,2.8197,-60.6733,89.58,45,75,12.66,broken clouds
195,East London,ZA,-33.0153,27.9116,68.56,84,100,7.45,light rain
196,Nantucket,US,41.2835,-70.0995,39.96,93,100,16.11,moderate rain
197,Cootamundra,AU,-34.65,148.0333,56.21,72,0,10.31,clear sky
198,Ewa Beach,US,21.3156,-158.0072,76.69,65,0,5.75,clear sky
199,Barberton,ZA,-25.7884,31.0532,71.65,91,100,2.98,light rain
200,Alice Town,BS,25.7167,-79.3,74.77,68,0,11.25,clear sky
201,Narsaq,GL,60.9167,-46.05,7.02,62,51,21.63,broken clouds
202,Laguna,US,38.421,-121.4238,65.01,55,20,1.01,few clouds
203,Sao Filipe,CV,14.8961,-24.4956,74.03,71,0,8.7,clear sky
204,Aksum,ET,14.1245,38.7244,62.4,56,22,6.33,few clouds
205,Tiksi,RU,71.6872,128.8694,-18.81,98,100,6.42,overcast clouds
206,Takoradi,GH,4.8845,-1.7554,81.19,77,58,7.72,broken clouds
207,Viedma,AR,-40.8135,-62.9967,70.74,62,100,13.82,light rain
208,San Isidro,PE,-12.1167,-77.05,76.5,76,0,1.99,clear sky
209,Kolding,DK,55.4904,9.4722,37.76,93,100,9.22,overcast clouds
210,Gazanjyk,TM,39.2446,55.5154,55.08,36,99,7.11,overcast clouds
211,Srednekolymsk,RU,67.45,153.6833,-34.44,100,100,0.67,overcast clouds
212,Araguacu,BR,-12.9306,-49.8264,87.03,62,21,3.11,few clouds
213,Mmathubudukwane,BW,-24.6,26.4333,71.11,75,39,5.37,scattered clouds
214,Egvekinot,RU,66.3167,-179.1667,-1.91,63,0,14.88,clear sky
215,Akureyri,IS,65.6835,-18.0878,15.39,96,98,4.25,overcast clouds
216,Bahia Blanca,AR,-38.7196,-62.2724,69.1,74,100,15.97,overcast clouds
217,Pyinmana,MM,19.7333,96.2167,62.71,43,0,2.89,clear sky
218,Presidencia Roque Saenz Pena,AR,-26.7852,-60.4388,80.73,76,84,4.56,broken clouds
219,Kamaishi,JP,39.2667,141.8833,29.26,52,98,5.17,overcast clouds
220,Barra Patuca,HN,15.8,-84.2833,82.65,66,34,10.11,scattered clouds
221,Kenai,US,60.5544,-151.2583,23.02,93,100,4.61,mist
222,Aalborg,DK,57.048,9.9187,35.96,89,20,9.22,few clouds
223,Gejiu,CN,23.306,103.1635,36.39,96,40,4.16,scattered clouds
224,Lagunas,PE,-5.2269,-75.6753,89.28,49,100,3.15,overcast clouds
225,Lagoa,PT,39.05,-27.9833,58.12,81,82,18.05,broken clouds
226,Vila,PT,42.0304,-8.1588,44.33,82,100,3.42,overcast clouds
227,Asosa,ET,10.0667,34.5333,69.51,22,61,6.4,broken clouds
228,Slave Lake,CA,55.2834,-114.769,1.38,78,100,12.66,overcast clouds
229,Arraial Do Cabo,BR,-22.9661,-42.0278,84.16,83,40,12.66,scattered clouds
230,Cidreira,BR,-30.1811,-50.2056,78.39,79,100,9.35,overcast clouds
231,Algiers,DZ,36.7525,3.042,53.42,67,0,5.75,clear sky
232,Esperance,AU,-33.8667,121.9,64.76,76,1,15.14,clear sky
233,Bafoulabe,ML,13.8065,-10.8321,86.86,8,0,5.28,clear sky
234,Chisec,GT,15.8167,-90.2833,84.43,67,93,3.71,overcast clouds
235,Trairi,BR,-3.2778,-39.2689,82.31,73,100,11.27,very heavy rain
236,Fortuna,US,40.5982,-124.1573,49.86,88,100,1.01,overcast clouds
237,Puerto Carreno,CO,6.189,-67.4859,97.86,29,49,8.46,scattered clouds
238,Lima,PE,-12.0432,-77.0282,75.38,77,0,1.99,clear sky
239,Zarate,AR,-34.0981,-59.0286,83.82,59,100,5.99,overcast clouds
240,Pacific Grove,US,36.6177,-121.9166,65.57,53,0,4.0,clear sky
241,San Carlos,VE,9.6612,-68.5827,89.15,40,89,1.23,overcast clouds
242,Walvis Bay,NA,-22.9575,14.5053,67.08,78,8,11.05,clear sky
243,Acapulco,MX,16.8634,-99.8901,84.02,65,20,6.91,few clouds
244,Lejanias,CO,3.5251,-74.0216,83.12,56,99,5.93,overcast clouds
245,Sarankhola,BD,22.3082,89.7897,64.54,92,100,2.75,overcast clouds
246,Svetlaya,RU,46.5389,138.3297,7.03,71,100,9.46,overcast clouds
247,Aklavik,CA,68.2191,-135.0107,-21.17,68,20,8.05,few clouds
248,Nyurba,RU,63.2842,118.3319,-27.26,99,40,2.8,scattered clouds
249,Nishihara,JP,26.1842,127.7558,58.68,67,100,19.57,overcast clouds
250,Souillac,MU,-20.5167,57.5167,80.98,89,75,16.11,light rain
251,Inuvik,CA,68.3499,-133.7218,-29.58,97,7,8.81,clear sky
252,Burlatskoye,RU,45.0564,43.635,34.48,98,100,12.1,snow
253,Maputo,MZ,-25.9653,32.5892,78.48,83,75,13.8,drizzle
254,Kyzyl-Suu,KG,42.3414,78.0056,13.35,63,34,12.03,scattered clouds
255,Kurri Kurri,AU,-32.8167,151.4833,69.4,71,74,5.64,broken clouds
256,Asau,RO,46.4333,26.4,35.4,83,38,5.91,scattered clouds
257,Imeni Zhelyabova,RU,58.9544,36.5956,-1.48,100,100,1.5,overcast clouds
258,Deniliquin,AU,-35.5333,144.9667,61.0,52,6,8.08,clear sky
259,Kachug,RU,53.9606,105.8817,-0.45,99,100,1.45,overcast clouds
260,Lichinga,MZ,-13.3128,35.2406,64.49,100,75,16.11,broken clouds
261,Tamiahua,MX,21.2667,-97.45,49.75,78,100,19.19,overcast clouds
262,Santa Fe,AR,-31.6333,-60.7,83.01,56,100,4.0,light rain
263,Muyezerskiy,RU,63.9333,31.65,12.16,90,100,13.0,overcast clouds
264,Balabac,PH,7.9868,117.0645,79.48,82,74,20.11,heavy intensity rain
265,Waiuku,NZ,-37.25,174.75,73.33,84,100,8.75,overcast clouds
266,Sorong,ID,-0.8833,131.25,80.69,80,99,10.8,overcast clouds
267,Paka,MY,4.6374,103.4368,80.53,83,100,11.5,overcast clouds
268,Vesyegonsk,RU,58.664,37.2604,-0.33,100,87,1.19,overcast clouds
269,Codrington,AU,-38.2667,141.9667,55.2,89,91,9.53,overcast clouds
270,Kaitangata,NZ,-46.2817,169.8464,51.93,67,60,4.74,broken clouds
271,Beaverlodge,CA,55.2166,-119.4361,7.95,95,100,4.76,overcast clouds
272,Bam,IR,29.106,58.357,58.32,24,0,2.46,clear sky
273,Meulaboh,ID,4.1363,96.1285,76.68,87,100,4.14,overcast clouds
274,Woodward,US,36.4337,-99.3904,31.96,45,0,10.36,clear sky
275,Barnstaple,GB,51.0802,-4.0581,46.2,74,100,20.4,overcast clouds
276,Mitsamiouli,KM,-11.3847,43.2844,81.54,81,86,10.74,light rain
277,Alice Springs,AU,-23.7,133.8833,54.95,94,2,0.0,clear sky
278,Grand Gaube,MU,-20.0064,57.6608,81.0,82,100,8.99,overcast clouds
279,Adoni,IN,15.6333,77.2833,71.29,30,88,6.64,overcast clouds
280,Champagnole,FR,46.7445,5.9135,44.51,91,100,6.85,overcast clouds
281,Belinskiy,RU,52.9647,43.4165,18.97,93,99,11.34,overcast clouds
282,Ballachulish,GB,56.6774,-5.1308,42.89,88,71,18.66,broken clouds
283,Kijang,KR,35.2442,129.2139,26.33,54,6,13.11,clear sky
284,Baculin,PH,7.4525,126.5842,76.01,85,99,8.68,overcast clouds
285,Zhanaozen,KZ,43.3,52.8,41.86,77,85,8.03,overcast clouds
286,Port Moresby,PG,-9.4431,147.1797,75.94,87,100,9.08,overcast clouds
287,Talara,PE,-4.5772,-81.2719,81.36,57,0,17.27,clear sky
288,Vestmannaeyjar,IS,63.4427,-20.2734,27.81,70,100,6.71,overcast clouds
289,Xichang,CN,27.8964,102.2634,40.48,83,1,1.92,clear sky
290,Nekrasovka,RU,48.3525,135.2325,-18.38,76,0,0.0,clear sky
291,Amazar,RU,53.858,120.875,1.78,79,100,5.37,overcast clouds
292,Tabas,IR,33.5959,56.9244,56.57,25,90,3.85,overcast clouds
293,Longonjo,AO,-12.9067,15.2533,64.02,88,90,0.85,overcast clouds
294,Oystese,NO,60.3882,6.1925,40.05,97,100,12.97,overcast clouds
295,Nianzishan,CN,47.5167,122.8833,-1.34,74,54,6.02,broken clouds
296,Benguela,AO,-12.5763,13.4055,75.7,72,84,5.93,broken clouds
297,Oranjemund,NA,-28.55,16.4333,64.63,80,13,13.38,few clouds
298,Port Elizabeth,ZA,-33.918,25.5701,67.1,88,40,3.44,scattered clouds
299,Nome,US,64.5011,-165.4064,7.16,56,0,13.8,clear sky
300,Cuamba,MZ,-14.8031,36.5372,70.14,94,24,3.06,light rain
301,Sisimiut,GL,66.9395,-53.6735,7.47,85,100,24.72,overcast clouds
302,Carutapera,BR,-1.195,-46.02,80.87,80,100,7.72,overcast clouds
303,Auki,SB,-8.7676,160.7034,78.44,88,100,5.03,overcast clouds
304,Broken Hill,AU,-31.95,141.4333,66.13,43,100,12.8,overcast clouds
305,Beringovskiy,RU,63.05,179.3167,-9.96,90,94,13.87,overcast clouds
306,Vardo,NO,70.3705,31.1107,16.0,73,100,26.06,overcast clouds
307,Cornereva,RO,45.0667,22.4167,29.41,73,24,2.35,few clouds
308,Aanekoski,FI,62.6946,25.818,21.27,100,100,16.75,light snow
309,Barra Do Corda,BR,-5.5,-45.25,83.71,78,100,2.62,overcast clouds
310,Minna,NG,9.6139,6.5569,83.66,14,0,4.32,clear sky
311,Nelson,NZ,-41.2833,173.2833,63.28,92,100,8.99,overcast clouds
312,Sola,VU,-13.8833,167.55,80.2,83,100,27.09,heavy intensity rain
313,Port Macquarie,AU,-31.4333,152.9167,62.49,94,75,6.91,broken clouds
314,Jacmel,HT,18.2342,-72.5347,89.44,63,33,6.62,scattered clouds
315,Buta,CD,2.7858,24.73,79.95,41,100,1.57,overcast clouds
316,Sorland,NO,67.667,12.6934,31.86,78,94,24.58,overcast clouds
317,Huarmey,PE,-10.0681,-78.1522,76.69,71,12,12.8,few clouds
318,Korla,CN,41.7597,86.1469,26.56,46,100,4.05,overcast clouds
319,Puerto Madero,MX,14.7208,-92.4215,89.8,48,0,11.5,clear sky
320,Nuristan,AF,35.3,70.8333,6.49,36,27,12.86,scattered clouds
321,Namwala,ZM,-15.7504,26.4384,66.22,96,100,2.73,overcast clouds
322,Jasper,US,37.2001,-94.3502,28.02,49,0,4.0,clear sky
323,Kathmandu,NP,27.7167,85.3167,43.02,100,75,3.44,broken clouds
324,Encheng,CN,22.1839,112.3026,48.9,75,7,6.11,clear sky
325,Tarimoro,MX,20.2833,-100.75,76.19,18,5,5.35,clear sky
326,Zemio,CF,5.0314,25.1361,78.8,26,99,0.87,overcast clouds
327,Burriana,ES,39.889,-0.085,58.82,63,100,0.45,overcast clouds
328,Morganton,US,35.7454,-81.6848,64.47,81,100,1.01,overcast clouds
329,Sur,OM,22.5667,59.5289,70.59,61,0,5.46,clear sky
330,Arequipa,PE,-16.3989,-71.535,69.87,42,0,11.5,clear sky
331,Diu,IN,20.7141,70.9822,63.34,58,5,5.7,clear sky
332,Novokizhinginsk,RU,51.6115,109.5917,1.29,97,100,5.12,overcast clouds
333,Portland,US,45.5234,-122.6762,44.1,93,100,3.0,overcast clouds
334,Vilhena,BR,-12.7406,-60.1458,86.22,58,40,10.36,scattered clouds
335,Mamallapuram,IN,12.6264,80.1722,80.65,78,51,7.18,broken clouds
336,Agua Branca,BR,-5.8922,-42.6361,91.49,44,100,3.58,overcast clouds
337,La Ronge,CA,55.1001,-105.2842,-18.15,69,100,5.75,overcast clouds
338,Cap Malheureux,MU,-19.9842,57.6142,81.09,82,100,8.99,overcast clouds
339,Tsuruoka,JP,38.7217,139.8217,29.48,85,100,12.84,snow
340,Ixtapa,MX,20.7,-105.2,74.43,60,0,9.22,clear sky
341,Kuruman,ZA,-27.4524,23.4325,70.99,33,0,9.71,clear sky
342,Alofi,NU,-19.0595,-169.9187,78.69,78,100,8.05,overcast clouds
343,Lavrentiya,RU,65.5833,-171.0,0.84,52,0,17.34,clear sky
344,Agadir,MA,30.4202,-9.5982,70.25,51,99,7.67,overcast clouds
345,Tucurui,BR,-3.7661,-49.6725,84.81,69,61,3.85,broken clouds
346,Dingle,PH,10.9995,122.6711,73.72,91,100,11.97,overcast clouds
347,Vila Velha,BR,-20.3297,-40.2925,80.55,84,0,3.0,clear sky
348,Vila Franca Do Campo,PT,37.7167,-25.4333,62.2,75,100,10.38,overcast clouds
349,Wawa,NG,9.9022,4.4192,82.13,18,0,5.59,clear sky
350,Sherlovaya Gora,RU,50.5667,116.25,-21.1,98,13,3.96,few clouds
351,Ust-Nera,RU,64.5667,143.2,-20.9,73,60,0.67,broken clouds
352,Goderich,CA,43.7501,-81.7165,17.91,81,100,11.03,overcast clouds
353,Katsuura,JP,35.1333,140.3,35.71,66,4,21.47,clear sky
354,Wamba,NG,8.9333,8.6,76.93,16,0,1.3,clear sky
355,Santiago Del Estero,AR,-27.7951,-64.2615,79.92,67,84,17.0,broken clouds
356,Stokmarknes,NO,68.5646,14.9108,25.5,80,75,21.85,broken clouds
357,Maniitsoq,GL,65.4167,-52.9,6.35,78,100,18.25,light snow
358,Pasighat,IN,28.0667,95.3333,58.53,80,100,4.88,overcast clouds
359,Olinda,BR,-8.0089,-34.8553,85.73,62,40,10.36,scattered clouds
360,Yuanli,TW,24.4397,120.6535,63.25,87,75,16.11,broken clouds
361,Santa Cruz,BO,-17.8,-63.1667,87.26,70,75,19.57,broken clouds
362,Gogrial,SS,8.5332,28.1004,83.97,15,91,10.38,overcast clouds
363,Port Blair,IN,11.6667,92.75,78.04,82,17,3.74,few clouds
364,Bosobolo,CD,4.1833,19.9,79.9,22,74,2.51,broken clouds
365,Wangou,CN,42.0623,126.9127,-6.97,98,80,3.02,broken clouds
366,Bilibino,RU,68.0546,166.4372,-9.9,78,0,4.68,clear sky
367,Lakes Entrance,AU,-37.8811,147.981,56.16,85,100,3.49,overcast clouds
368,Urumqi,CN,43.801,87.6005,-1.25,85,75,0.0,fog
369,Kuryk,KZ,43.2,51.65,43.29,85,98,9.6,overcast clouds
370,Lashio,MM,22.9333,97.75,49.05,64,0,1.7,clear sky
371,Dali,CN,25.7,100.1833,41.94,76,0,3.18,clear sky
372,Sainte-Maxime,FR,43.3,6.6333,55.44,60,36,5.68,scattered clouds
373,Severnyy,RU,50.677,36.5532,24.84,80,75,8.95,broken clouds
374,Beloha,MG,-25.1667,45.05,74.53,85,38,18.84,scattered clouds
375,Moultonborough,US,43.7548,-71.3967,28.15,91,100,3.0,light snow
376,Hami,CN,42.8,93.45,23.85,35,67,2.13,broken clouds
377,Moshi,TZ,-3.35,37.3333,73.38,58,98,6.22,overcast clouds
378,Feldkirchen,DE,48.148,11.7434,42.13,81,41,13.0,scattered clouds
379,Kisangani,CD,0.5167,25.2,75.02,73,100,3.06,light rain
380,Batemans Bay,AU,-35.7167,150.1833,63.1,85,100,8.21,overcast clouds
381,Sambava,MG,-14.2667,50.1667,79.21,80,100,3.2,light rain
382,Ostrovnoy,RU,68.0531,39.5131,5.61,96,100,11.74,overcast clouds
383,Karratha,AU,-20.7377,116.8463,83.88,70,98,4.36,overcast clouds
384,Quijingue,BR,-10.7525,-39.2092,95.83,25,81,8.23,broken clouds
385,Nokha,IN,27.6,73.4167,58.24,43,0,9.26,clear sky
386,Merritt Island,US,28.5392,-80.672,86.18,63,0,11.5,clear sky
387,Dekar,BW,-21.5333,21.9333,72.73,67,49,5.5,scattered clouds
388,Rongcheng,CN,30.634,117.8517,36.1,83,0,0.65,clear sky
389,Kuzhithurai,IN,8.3167,77.1833,78.48,86,5,3.11,clear sky
390,Fairbanks,US,64.8378,-147.7164,3.09,67,100,3.29,overcast clouds
391,Pandan,PH,14.0453,124.1694,74.44,89,100,5.41,overcast clouds
392,Yerbogachen,RU,61.2767,108.0108,-21.48,100,100,2.62,overcast clouds
393,Zimmi,SL,7.3153,-11.3061,81.23,63,85,7.05,overcast clouds
394,Rio Bueno,CL,-40.3167,-72.9667,71.74,32,1,5.55,clear sky
395,Saint-Pierre,RE,-21.3393,55.4781,80.28,78,75,10.36,broken clouds
396,Springdale,US,36.1867,-94.1288,30.96,60,0,8.01,snow
397,Uthal,PK,25.8072,66.6219,65.23,37,0,2.04,clear sky
398,Pozo Colorado,PY,-23.4923,-58.7972,102.11,27,79,8.79,light rain
399,Ullapool,GB,57.8987,-5.1604,37.94,77,100,25.08,overcast clouds
400,Havre-Saint-Pierre,CA,50.2334,-63.5986,3.79,60,75,6.91,broken clouds
401,Luderitz,NA,-26.6481,15.1594,70.02,69,34,12.64,scattered clouds
402,Hualmay,PE,-11.0964,-77.6139,75.56,71,34,11.81,scattered clouds
403,Kalmunai,LK,7.4167,81.8167,74.98,75,13,2.13,few clouds
404,Metro,ID,-5.1131,105.3067,73.42,98,100,7.29,moderate rain
405,Shenjiamen,CN,29.9576,122.298,41.67,59,3,9.48,clear sky
406,Byron Bay,AU,-28.65,153.6167,68.88,56,100,20.49,overcast clouds
407,Mouila,GA,-1.8685,11.0559,72.37,95,49,0.81,light rain
408,Wodonga,AU,-36.1167,146.8833,60.8,72,0,5.75,clear sky
409,Tazovskiy,RU,67.4667,78.7,2.75,98,94,5.61,overcast clouds
410,Insar,RU,53.8653,44.3738,20.44,94,100,12.64,light snow
411,Buchanan,LR,5.8808,-10.0467,82.36,75,56,9.08,broken clouds
412,Imbituba,BR,-28.24,-48.6703,82.29,91,100,13.87,overcast clouds
413,Yasnyy,RU,51.0333,59.8742,22.51,88,100,16.22,overcast clouds
414,Bilma,NE,18.6853,12.9164,62.24,18,5,5.95,clear sky
415,Athol,US,42.5959,-72.2268,30.63,92,100,8.05,mist
416,Prince Rupert,CA,54.3161,-130.3201,46.09,93,100,4.61,overcast clouds
417,Tilichiki,RU,60.4667,166.1,-8.61,85,93,8.37,overcast clouds
418,Rio Branco,BR,-9.9747,-67.81,88.41,66,40,6.91,scattered clouds
419,Taksimo,RU,56.3444,114.8794,-10.73,92,79,3.15,broken clouds
420,Birobidzhan,RU,48.8,132.95,-18.13,97,90,2.53,overcast clouds
421,Mogadishu,SO,2.0371,45.3438,77.4,87,6,19.3,clear sky
422,Derzhavinsk,KZ,51.1,66.3167,17.49,73,100,9.78,overcast clouds
423,Salamanca,ES,40.8333,-6.0,43.0,86,100,3.31,overcast clouds
424,Hamilton,US,39.1834,-84.5333,26.4,85,100,1.99,overcast clouds
425,San Rafael,AR,-34.6177,-68.3301,78.82,35,9,13.09,clear sky
426,Aleksandrovskiy Zavod,RU,50.9237,117.9374,-15.66,97,100,3.94,overcast clouds
427,Omsukchan,RU,62.5333,155.8,-19.1,74,9,8.43,clear sky
428,Ponta Do Sol,PT,32.6667,-17.1,67.01,83,100,1.19,overcast clouds
429,Arlit,NE,18.7369,7.3853,65.66,13,0,8.55,clear sky
430,Port Keats,AU,-14.25,129.55,79.66,84,98,5.66,overcast clouds
431,Lekoni,GA,-1.5843,14.2591,76.14,78,100,2.98,moderate rain
432,Bossangoa,CF,6.4926,17.4552,79.83,15,100,5.1,overcast clouds
433,Innoshima,JP,34.2833,133.1833,41.09,58,84,27.6,broken clouds
434,Broome,US,42.2506,-75.833,22.77,76,100,3.0,light snow
435,Sobolevo,RU,54.4299,31.8996,0.68,100,100,1.36,overcast clouds
436,Guder,ET,8.9667,37.7667,64.72,32,95,3.76,overcast clouds
437,Lebedyn,UA,50.5852,34.4849,21.45,94,100,6.02,overcast clouds
438,Bracebridge,CA,45.0334,-79.3163,12.33,66,0,4.61,clear sky
439,Urzhum,RU,57.1141,49.9996,22.37,95,100,13.58,snow
440,Yulara,AU,-25.2406,130.9889,62.44,63,0,8.05,clear sky
441,Lorengau,PG,-2.0226,147.2712,80.01,74,32,5.91,scattered clouds
442,Miesbach,DE,47.789,11.8338,40.05,95,81,4.74,broken clouds
443,Chapais,CA,49.7834,-74.8492,-4.22,77,89,5.08,overcast clouds
444,Naze,JP,28.3667,129.4833,53.58,54,100,16.17,overcast clouds
445,Acarau,BR,-2.8856,-40.12,83.26,68,99,15.52,overcast clouds
446,Kongoussi,BF,13.3258,-1.5347,76.91,10,6,9.53,clear sky
447,Leshukonskoye,RU,64.8989,45.7622,-11.16,100,100,2.86,overcast clouds
448,Zhangjiakou,CN,40.81,114.8794,7.66,68,4,7.56,light snow
449,Nouadhibou,MR,20.931,-17.0347,73.38,43,2,9.22,clear sky
450,Kronshtadt,RU,59.9936,29.7736,19.54,91,31,13.02,scattered clouds
451,Veraval,IN,20.9,70.3667,66.88,56,4,4.07,clear sky
452,Kigali,RW,-1.95,30.0588,62.08,93,75,3.0,light rain
453,Sept-Iles,CA,50.2001,-66.3821,7.05,52,20,3.44,few clouds
454,Simplicio Mendes,BR,-7.8539,-41.9103,96.57,29,98,5.44,overcast clouds
455,Sibolga,ID,1.7427,98.7792,74.71,89,100,3.8,light rain
456,Bundaberg,AU,-24.85,152.35,68.22,77,67,5.01,broken clouds
457,Abalak,RU,58.1286,68.5944,21.69,94,100,6.2,overcast clouds
458,Iqaluit,CA,63.7506,-68.5145,-15.07,53,100,11.5,overcast clouds
459,Umm Bab,QA,25.2142,50.8072,64.08,44,0,11.65,clear sky
460,Kurayoshi,JP,35.4333,133.8167,31.82,70,95,20.29,light snow
461,Challapata,BO,-18.9,-66.7667,55.69,54,48,3.94,scattered clouds
462,Pitimbu,BR,-7.4706,-34.8086,86.59,61,21,11.34,few clouds
463,Gigmoto,PH,13.7796,124.39,74.89,89,100,6.87,light rain
464,Aykhal,RU,66.0,111.5,-25.37,100,87,3.22,overcast clouds
465,Dzaoudzi,YT,-12.7887,45.2699,84.09,79,20,8.05,few clouds
466,Sovetskaya Gavan,RU,48.9723,140.2878,8.8,72,100,7.45,overcast clouds
467,Tynda,RU,55.1667,124.7167,-1.53,76,100,8.5,overcast clouds
468,Olafsvik,IS,64.8945,-23.7142,28.13,71,100,16.35,overcast clouds
469,Kinkala,CG,-4.3614,14.7644,72.84,91,42,2.37,light rain
470,Salta,AR,-24.7859,-65.4117,82.99,51,40,6.91,scattered clouds
471,Vanavara,RU,60.34,102.2797,-3.78,100,100,3.94,overcast clouds
472,Henties Bay,NA,-22.116,14.2845,66.85,82,73,7.74,broken clouds
473,Muttupet,IN,10.4,79.4833,75.78,78,13,8.72,few clouds
474,Itaituba,BR,-4.2761,-55.9836,89.76,70,20,0.0,few clouds
475,Guarapari,BR,-20.6667,-40.4975,80.49,82,77,15.57,broken clouds
476,Ozernovskiy,RU,51.5,156.5167,26.46,78,74,6.64,broken clouds
477,Olga,RU,43.7444,135.2892,7.54,58,53,15.86,broken clouds
478,Chico,US,39.7285,-121.8375,59.22,50,40,5.75,scattered clouds
479,Price,US,39.5994,-110.8107,29.46,40,0,0.0,clear sky
480,Basco,PH,20.4487,121.9702,72.28,77,100,29.3,overcast clouds
481,Namatanai,PG,-3.6667,152.4333,79.97,79,100,6.96,overcast clouds
482,Shubarkuduk,KZ,49.1447,56.4872,27.5,82,100,18.39,overcast clouds
483,Monrovia,LR,6.3005,-10.7969,82.17,77,20,9.8,few clouds
484,Nelson Bay,AU,-32.7167,152.15,70.0,61,38,3.0,scattered clouds
485,Dongsheng,CN,39.8161,109.9776,8.37,70,1,6.46,clear sky
486,Mongo,TD,12.1844,18.693,74.32,13,6,7.85,clear sky
487,Moerai,PF,-22.4333,-151.3333,78.37,77,37,16.4,light rain
488,Bandarbeyla,SO,9.4942,50.8122,75.38,64,0,10.71,clear sky
489,Talaya,RU,61.3833,152.75,-39.66,100,81,1.7,broken clouds
490,Chalmette,US,29.9427,-89.9634,39.2,89,100,1.99,light rain
491,Sabang,ID,5.8933,95.3214,82.62,74,69,14.65,broken clouds
492,Barcelos,PT,41.5388,-8.6151,53.28,79,88,5.99,overcast clouds
493,Ovalle,CL,-30.5983,-71.2003,85.1,30,0,12.64,clear sky
494,Sao Miguel Do Araguaia,BR,-13.275,-50.1628,86.94,61,19,3.09,few clouds
495,Karaton,ID,-6.3424,106.1045,75.36,93,100,2.33,overcast clouds
496,Banda Aceh,ID,5.5577,95.3222,78.26,81,69,7.18,broken clouds
497,Usinsk,RU,65.9939,57.5281,-3.77,100,93,6.42,overcast clouds
498,Kulob,TJ,37.9145,69.783,41.76,42,100,11.18,overcast clouds
499,Sapele,NG,5.8941,5.6767,83.57,61,23,6.93,few clouds
500,Kruisfontein,ZA,-34.0033,24.7314,64.89,62,100,4.83,overcast clouds
501,Oskarshamn,SE,57.2645,16.4484,40.98,95,100,12.68,light rain
502,Kungurtug,RU,50.5994,97.5228,-16.82,99,59,1.77,broken clouds
503,Lircay,PE,-12.9896,-74.7205,61.34,59,100,4.52,overcast clouds
504,Half Moon Bay,US,37.4636,-122.4286,62.55,58,0,5.75,clear sky
505,La Paz,BO,-16.5,-68.15,58.98,54,75,11.5,light rain
506,Baherden,TM,38.4362,57.4316,56.8,26,0,7.0,clear sky
507,Mossendjo,CG,-2.9506,12.7261,70.54,97,100,1.14,moderate rain
508,Kidodi,TZ,-7.6036,37.0044,72.84,99,100,3.67,moderate rain
509,Bubaque,GW,11.2833,-15.8333,78.62,72,5,14.29,clear sky
510,Rocha,UY,-34.4833,-54.3333,78.53,66,29,12.08,scattered clouds
511,Pekan,MY,3.4836,103.3996,77.11,91,98,8.97,overcast clouds
512,Hervey Bay,AU,-25.2986,152.8535,68.04,67,87,26.26,overcast clouds
513,Kashi,CN,39.4547,75.9797,34.27,50,100,6.71,overcast clouds
514,Flagstaff,US,35.1981,-111.6513,40.1,28,0,3.0,clear sky
515,Road Town,VG,18.4167,-64.6167,71.69,100,40,9.22,light intensity shower rain
516,Gisenyi,RW,-1.7028,29.2564,65.32,84,100,3.15,light rain
517,Vuktyl,RU,63.8567,57.3094,3.13,99,89,3.47,overcast clouds
518,Port Augusta,AU,-32.5,137.7667,63.72,34,17,6.29,few clouds
519,Nisia Floresta,BR,-6.0911,-35.2086,81.41,58,42,13.29,scattered clouds
520,Ukiah,US,39.1502,-123.2078,64.65,46,0,3.44,clear sky
521,Bollnas,SE,61.3482,16.3946,35.38,90,100,9.55,overcast clouds
522,North Fort Myers,US,26.6673,-81.8801,85.24,61,0,10.36,clear sky
523,Cayenne,GF,4.9333,-52.3333,82.44,82,75,5.99,broken clouds
524,Coihaique,CL,-45.5752,-72.0662,71.55,30,20,6.91,few clouds
525,Qandala,SO,11.472,49.8728,75.54,62,5,4.9,clear sky
526,Namibe,AO,-15.1961,12.1522,73.71,72,100,8.37,overcast clouds
527,Beyneu,KZ,45.3167,55.2,39.02,73,100,17.2,overcast clouds
528,Manokwari,ID,-0.8667,134.0833,77.43,80,100,4.18,overcast clouds
529,Port Lincoln,AU,-34.7333,135.8667,63.59,84,56,14.5,broken clouds
530,Weligama,LK,5.9667,80.4167,73.96,85,24,3.85,few clouds
531,Minab,IR,27.1467,57.0801,61.12,72,0,0.0,clear sky
532,Benghazi,LY,32.1167,20.0667,56.14,62,0,9.24,clear sky
533,Maun,BW,-19.9833,23.4167,74.97,62,100,3.2,overcast clouds
534,Moranbah,AU,-22.0016,148.0466,69.24,78,51,17.4,broken clouds
535,Luangwa,ZM,-15.6167,30.4167,72.81,94,100,4.85,light rain
536,Rio Grande,BR,-32.035,-52.0986,82.94,83,84,5.5,broken clouds
537,Tatawin,TN,32.9297,10.4518,59.88,34,28,12.5,scattered clouds
538,Zaraza,VE,9.3503,-65.3245,95.18,30,60,6.02,broken clouds
539,Malatya,TR,38.5,38.0,32.05,93,75,4.61,broken clouds
540,Torbay,CA,47.6666,-52.7314,32.76,96,100,11.5,fog
541,Goma,CD,-1.6792,29.2228,64.71,84,100,2.62,light rain
542,Lethem,GY,3.3803,-59.7968,91.85,40,97,11.99,overcast clouds
543,Waingapu,ID,-9.6567,120.2641,77.94,84,44,8.46,scattered clouds
544,Jiexiu,CN,37.0244,111.9125,22.15,56,5,2.3,clear sky
545,Bukama,CD,-9.2,25.85,66.72,98,100,0.92,overcast clouds
546,Athabasca,CA,54.7169,-113.2854,0.01,95,100,8.3,snow
547,Lima Duarte,BR,-21.8425,-43.7931,81.16,80,100,2.73,moderate rain
548,Kharp,RU,66.8014,65.8081,9.27,95,100,4.21,overcast clouds
549,Huntsville,US,34.7304,-86.5861,35.19,91,100,3.0,overcast clouds
550,Sokolo,ML,14.7328,-6.1219,80.89,10,2,8.75,clear sky
551,Saint Anthony,US,45.0205,-93.218,10.29,65,75,5.99,haze
552,Straumen,NO,63.8709,11.2999,39.2,72,100,10.07,overcast clouds
553,Mujiayingzi,CN,42.1167,118.7833,4.3,59,0,10.11,clear sky
554,Kipini,KE,-2.5257,40.5262,79.09,87,51,16.28,broken clouds
555,Lerwick,GB,60.1545,-1.1494,41.0,62,100,33.64,overcast clouds
556,Rakitnoye,RU,50.8389,35.8515,25.05,96,100,7.27,light snow
557,Vostok,RU,46.4856,135.8833,-12.24,100,100,3.11,overcast clouds
558,Yenagoa,NG,4.9247,6.2642,82.63,67,0,8.25,clear sky
559,Avera,US,33.194,-82.5271,66.88,92,100,10.6,overcast clouds
560,Barra,BR,-11.0894,-43.1417,91.33,37,100,5.66,overcast clouds
561,Oktyabrskoye,RU,43.0645,44.7417,33.35,93,100,8.95,light intensity drizzle
562,Freeport,US,40.6576,-73.5832,39.02,84,100,4.0,mist
563,La Rioja,ES,42.25,-2.5,45.05,88,100,3.4,overcast clouds
564,Tadine,NC,-21.55,167.8833,79.54,88,100,13.8,light rain
565,Fereydunshahr,IR,32.941,50.121,31.98,89,87,10.04,light snow
566,Zhigansk,RU,66.7697,123.3711,-30.23,99,99,4.54,overcast clouds
567,Kurilsk,RU,45.2333,147.8833,23.23,83,100,9.86,light snow
568,Havelock,US,34.8791,-76.9013,79.05,84,40,17.0,scattered clouds
569,Sioux Lookout,CA,50.1001,-91.917,-0.02,60,0,5.75,clear sky
570,Westerland,DE,54.9079,8.3033,39.94,93,20,13.8,few clouds
571,Altamira,BR,-3.2033,-52.2064,86.09,70,75,3.44,moderate rain
572,Obo,CF,5.3998,26.4869,81.95,24,89,3.85,overcast clouds
573,Cascais,PT,38.6979,-9.4215,58.51,69,20,1.01,few clouds
574,Bulgan,MN,48.8125,103.5347,-4.34,87,11,4.59,few clouds
575,Artyom,AZ,40.4723,50.333,42.94,86,100,16.55,overcast clouds
576,Bambanglipuro,ID,-7.95,110.2833,76.84,88,99,5.12,moderate rain
577,Jurm,AF,36.8648,70.8342,21.99,44,100,7.87,overcast clouds
578,San Juan,AR,-31.5375,-68.5364,85.26,24,21,6.2,few clouds
579,Whitehorse,CA,60.7161,-135.0538,-4.7,73,100,1.99,light snow
580,Omboue,GA,-1.5746,9.2618,78.4,81,78,4.83,broken clouds
581,Cape Canaveral,US,28.4058,-80.6048,86.18,65,0,14.97,clear sky
582,Mayumba,GA,-3.432,10.6554,77.59,80,18,3.85,few clouds
583,Pampa,US,35.5362,-100.9599,28.56,54,0,9.22,clear sky
584,Buala,SB,-8.145,159.5921,80.6,85,100,8.19,overcast clouds
585,Zharkent,KZ,44.1628,80.0,26.11,66,32,3.49,scattered clouds
586,Chulman,RU,56.8479,124.9104,-7.33,96,100,7.27,overcast clouds
587,Santa Vitoria Do Palmar,BR,-33.5189,-53.3681,81.19,69,17,5.01,few clouds
588,Palmer,US,42.1584,-72.3287,33.69,94,100,9.22,snow
589,Carolina,PR,18.3808,-65.9574,75.76,81,100,5.75,overcast clouds
590,Okhotsk,RU,59.3833,143.3,0.39,71,100,15.79,overcast clouds
591,Smidovich,RU,48.6,133.8167,-24.39,100,100,1.41,overcast clouds
592,Coruripe,BR,-10.1256,-36.1756,83.8,60,5,13.06,clear sky
593,Grenville,GD,12.1167,-61.6167,84.25,66,1,14.81,clear sky
594,Bassano,CA,50.7834,-112.4685,21.69,78,100,1.72,overcast clouds
595,Mao,ES,39.8885,4.2658,52.36,87,0,3.44,clear sky
596,Faya,SA,18.3851,42.4509,59.11,85,19,7.56,few clouds
597,Smithers,CA,54.7804,-127.1743,39.52,81,75,8.05,light rain
598,Belle Glade,US,26.6845,-80.6676,83.01,58,42,9.8,scattered clouds
599,La Gomera,GT,14.0833,-91.05,89.31,36,9,11.79,clear sky
600,Dillon,US,34.4166,-79.3712,77.99,67,100,19.06,overcast clouds
601,Stefan Cel Mare,RO,46.9833,26.5167,33.66,73,18,3.58,few clouds
602,Ongandjera,NA,-17.8833,15.0667,83.05,34,100,8.16,overcast clouds
603,Oksfjord,NO,70.2396,22.3479,23.18,90,100,17.25,light snow
604,Macaubas,BR,-13.0194,-42.6986,85.23,46,99,4.85,overcast clouds
605,Lautaro,CL,-38.5167,-72.45,71.58,39,24,10.92,few clouds
606,Korgen,NO,66.0771,13.8153,35.31,89,92,9.13,overcast clouds
607,Vakhrushev,RU,48.9833,142.9667,10.38,87,100,6.78,overcast clouds
608,Trincomalee,LK,8.5711,81.2335,78.15,70,8,7.54,clear sky
609,Balkhash,KZ,46.844,74.9804,8.26,80,1,13.02,clear sky
610,Barkly West,ZA,-28.5354,24.5215,69.08,25,0,9.71,clear sky
611,Manggar,ID,-2.8833,108.2667,78.04,89,59,7.31,broken clouds
612,Ayan,RU,56.45,138.1667,-2.9,74,100,15.41,overcast clouds
613,Ende,ID,-8.8432,121.6623,78.24,89,97,2.98,overcast clouds
614,Stillwater,US,36.1156,-97.0584,28.83,43,0,8.05,clear sky
615,Gilgit,PK,35.9221,74.3087,16.25,47,0,4.34,clear sky
616,Klaksvik,FO,62.2266,-6.589,36.52,60,92,39.91,overcast clouds
617,Maple Creek,CA,49.9168,-109.4848,27.09,81,100,18.01,overcast clouds
618,Boromo,BF,11.75,-2.9333,82.09,9,94,6.82,overcast clouds
619,Zinder,NE,13.8072,8.9881,65.1,13,0,10.94,clear sky
620,Kandrian,PG,-6.2167,149.55,79.23,85,69,13.0,broken clouds
621,Baturaja,ID,-4.1333,104.1667,73.02,99,100,2.53,moderate rain
622,Yizheng,CN,24.6706,103.4296,37.26,96,33,3.94,scattered clouds
623,Yanam,IN,16.7333,82.2167,69.17,95,85,2.82,overcast clouds
624,Haines Junction,CA,60.7522,-137.5108,-0.45,78,100,1.14,overcast clouds
625,Mersing,MY,2.4312,103.8405,80.51,78,100,8.05,overcast clouds
626,Saint-Georges,GD,12.0564,-61.7485,83.88,65,20,16.11,few clouds
627,Ankang,CN,32.68,109.0172,41.72,59,95,4.34,overcast clouds
628,North Charleston,US,32.8886,-80.0075,77.11,77,75,13.8,broken clouds
629,Svetlyy,RU,54.675,20.1347,39.25,93,100,14.54,overcast clouds
630,Wajima,JP,37.4,136.9,32.88,82,99,20.0,snow
631,Krasnoselkup,RU,65.7,82.4667,14.16,96,100,6.33,light snow
632,College,US,64.8569,-147.8028,2.28,66,100,3.27,overcast clouds
633,Santa Rosa,PH,14.3122,121.1114,78.12,75,90,12.97,overcast clouds
634,Mocuba,MZ,-16.8392,36.9856,73.11,87,100,3.4,overcast clouds
635,Abu Zabad,SD,12.35,29.25,69.04,15,61,16.84,broken clouds
636,Altoona,US,40.5187,-78.3947,30.09,87,100,3.0,overcast clouds
637,Lugo,ES,43.0,-7.5,46.9,99,96,2.26,overcast clouds
638,Marshall,US,34.3834,-86.3333,37.33,81,100,1.01,overcast clouds
639,Svobodnyy,RU,51.4,128.1333,-13.52,95,87,5.79,overcast clouds
640,Santa Cruz Del Sur,CU,20.7147,-77.9956,86.63,47,12,10.63,light rain
641,Duluth,US,46.7833,-92.1066,11.55,61,40,1.99,scattered clouds
642,Mpanda,TZ,-6.3655,31.0409,64.33,98,100,3.38,light rain
643,Susanville,US,40.4163,-120.653,44.82,53,0,1.99,clear sky
644,Lengshuitan,CN,26.4111,111.5956,39.65,83,36,3.4,scattered clouds
645,Ustka,PL,54.5805,16.8619,41.94,85,100,18.43,overcast clouds
646,Kiruna,SE,67.8557,20.2251,4.12,92,100,3.44,overcast clouds
647,Chambas,CU,22.1928,-78.9136,80.22,52,82,12.15,broken clouds
648,Comodoro Rivadavia,AR,-45.8667,-67.5,60.66,63,20,9.22,few clouds
649,Jiayuguan,CN,39.8167,98.3,15.21,44,100,4.54,overcast clouds
650,Hobyo,SO,5.3505,48.5268,76.78,70,46,15.75,scattered clouds
651,Paranapanema,BR,-23.3886,-48.7228,75.65,79,100,7.56,overcast clouds
652,Buckeye,US,33.3703,-112.5838,62.11,11,0,17.27,clear sky
653,Taltal,CL,-25.4,-70.4833,70.97,63,22,6.96,few clouds
654,Kailua,US,21.4022,-157.7394,76.75,76,0,0.0,clear sky
655,Juegang,CN,32.3174,121.1855,36.91,72,8,9.06,clear sky
656,Khorinsk,RU,52.1657,109.7726,-2.38,96,100,3.11,overcast clouds
657,Gazli,UZ,40.1333,63.45,45.07,39,5,11.45,clear sky
658,Mountain Home,US,43.133,-115.6912,32.74,100,0,21.85,clear sky
659,Gizo,SB,-8.103,156.8419,82.35,81,100,10.11,overcast clouds
660,Charleville-Mezieres,FR,49.7667,4.7167,37.99,85,82,8.84,broken clouds
661,Santa Isabel,BR,-23.3156,-46.2214,84.65,82,70,7.76,broken clouds
662,Yelizovo,RU,53.1873,158.3805,24.94,63,75,6.71,broken clouds
663,Talcahuano,CL,-36.7167,-73.1167,73.08,56,20,19.57,few clouds
664,Quatre Cocos,MU,-20.2078,57.7625,80.71,87,100,16.62,light rain
665,Clyde River,CA,70.4692,-68.5914,-3.77,84,100,11.5,light snow
666,Polis,CY,35.0367,32.4264,49.82,73,10,7.18,clear sky
667,Kutum,SD,14.2,24.6667,60.12,18,19,15.82,few clouds
668,Maceio,BR,-9.6658,-35.7353,85.44,58,40,16.11,scattered clouds
669,Tombouctou,ML,20.0,-3.0,68.22,8,0,8.39,clear sky
670,Pemangkat,ID,1.1667,108.9667,76.17,90,100,6.51,light rain
671,Gat,IL,31.61,34.7642,53.4,100,100,10.18,overcast clouds
672,Black River,JM,18.0264,-77.8487,82.4,61,37,5.86,scattered clouds
673,Shangrao,CN,28.4532,117.9686,36.82,94,6,2.64,clear sky
674,Davila,PH,18.4726,120.5763,75.4,80,100,24.16,overcast clouds
675,Tsumeb,NA,-19.2333,17.7167,66.38,91,99,3.18,heavy intensity rain
676,Chiang Kham,TH,19.5233,100.3,65.05,76,5,2.91,clear sky
677,Khromtau,KZ,50.2503,58.4347,22.3,90,100,14.65,overcast clouds
678,Casambalangan,PH,18.3765,122.1274,73.11,86,90,9.91,overcast clouds
679,Grindavik,IS,63.8424,-22.4338,27.07,80,100,8.05,overcast clouds
680,Mwinilunga,ZM,-11.7358,24.4293,61.48,99,94,4.14,overcast clouds
681,Richards Bay,ZA,-28.783,32.0377,73.09,94,100,14.38,moderate rain
682,Ammapettai,IN,10.8,79.3333,79.48,84,36,2.26,scattered clouds
683,Kayankulam,IN,9.1833,76.5,73.54,84,30,6.26,scattered clouds
684,Amapa,BR,1.0,-52.0,77.52,95,100,4.16,overcast clouds
